/default.aspx   /index   301
/accreditations.aspx	/accreditations	301
/accreditations-lqra.aspx	/accreditations-lqra	301
/about.aspx	/about	301
/contact.aspx	/contact	301
/customer-service.aspx	/customer-service	301
/fabricated-assemblies.aspx	/fabricated-assemblies	301
/full-supply-material.aspx	/full-supply-material	301
/locations.aspx	/locations	301
/manufacturing-with-precision.aspx	/manufacturing-with-precision	301
/marla-group.aspx	/marla-group	301
/material-requirement-planning.aspx	/material-requirement-planning	301
/material-standardisation.aspx	/material-standardisation	301
/material-substitution.aspx	/material-substitution	301
/materials.aspx	/materials	301
/our-service.aspx	/our-service	301
/objectives-alignment.aspx	/objectives-alignment	301
/overall-execution-philosophy.aspx	/overall-execution-philosophy	301
/overall-scm-strategy.aspx	/overall-scm-strategy	301
/products.aspx	/products	301
/subsea.aspx	/subsea	301
/supply-chain-management.aspx	/supply-chain-management	301
/supply-sources.aspx	/supply-sources	301
/total-scm-strategy.aspx	/total-scm-strategy	301
/working-with-us.aspx	/working-with-us	301
